<?xml version="1.0" encoding="UTF-8"?>
<project xmlns="http://maven.apache.org/POM/4.0.0" xmlns:xsi="http://www.w3.org/2001/XMLSchema-instance" xsi:schemaLocation="http://maven.apache.org/POM/4.0.0 http://maven.apache.org/maven-v4_0_0.xsd">
  <modelVersion>4.0.0</modelVersion>
  <groupId>Honours-Project</groupId>
  <artifactId>Honours-Project</artifactId>
  <version>0.0.1-SNAPSHOT</version>
  <build>
    <sourceDirectory>src</sourceDirectory>
    <resources>
      <resource>
        <directory>src</directory>
        <excludes>
          <exclude>**/*.java</exclude>
        </excludes>
      </resource>
    </resources>
    <plugins>
      <plugin>
        <artifactId>maven-compiler-plugin</artifactId>
        <version>3.1</version>
        <configuration>
          <source>1.7</source>
          <target>1.7</target>
        </configuration>
      </plugin>
      <plugin>
        <artifactId>maven-jar-plugin</artifactId>
        <version>3.1.0</version>
        <configuration>
          <archive>
            <manifest>
              <addClasspath>true</addClasspath>
              <classpathPrefix>lib/</classpathPrefix>
              <mainClass>com.mypackage.MyClass</mainClass>
            </manifest>
          </archive>
        </configuration>
      </plugin>
      <plugin>
        <artifactId>maven-shade-plugin</artifactId>
        <version>2.3</version>
      </plugin>
    </plugins>
  </build>
  <dependencies>
    <dependency>
      <groupId>javax.sql</groupId>
      <artifactId>jdbc-stdext</artifactId>
      <version>2.0</version>
      <scope>system</scope>
      <systemPath>/usr/lib/jvm/java-1.8.0-openjdk-1.8.0.201.b09-0.el7_6.x86_64/jre/lib/rt.jar</systemPath>
    </dependency>
  </dependencies>
</project>

